pipeline,etapa,etapaOrdem,campoId,campo,chave,tipo,ativoGlobal,visivelEtapa,editavelEtapa,somenteLeituraEtapa,obrigatorioEtapa,exigirEntrada,exigirSaida,naComposicao
"Financeiro","Solicitação de Contrato","0","cmsnjzlho000rdz5gdv76apii","CNPJ","alpha.cnpj","texto","1","1","0","1","0","0","1","1"
"Financeiro","Solicitação de Contrato","0","cmt36ivlv0009kw0ahb5x0en4","CNPJ","alpha.legacy.cnpj.financeiro","texto","0","1","1","0","0","0","0","0"
"Financeiro","Solicitação de Contrato","0","cmt36ivo0000vkw0a1sfg8uln","Serviço contratado","alpha.servico.contratado","texto","1","1","1","0","1","0","1","1"
"Financeiro","Solicitação de Contrato","0","cmt36ivm3000bkw0areemyt3j","Razão Social","alpha.razao.social","texto","1","1","0","1","1","0","1","1"
"Financeiro","Solicitação de Contrato","0","cmsnjzmos0019dz5go1obih9f","Valor acordado no contrato","alpha.valor.acordado.no.contrato","numero","1","1","1","0","0","0","1","1"
"Financeiro","Solicitação de Contrato","0","cmsnjzmti001bdz5gmvf6kwdc","Forma de pagamento","alpha.forma.de.pagamento","selecao","1","1","1","0","0","0","1","1"
"Financeiro","Solicitação de Contrato","0","cmt36ivma000dkw0aj53fgefl","Rua","alpha.rua","texto","1","1","1","0","1","0","1","1"
"Financeiro","Solicitação de Contrato","0","cmt36ivom0011kw0a2uogjvgo","Condição negociada","alpha.condicao.negociada","texto_longo","1","1","1","0","1","0","0","1"
"Financeiro","Solicitação de Contrato","0","cmt36ivmg000fkw0al0nclu1m","Número","alpha.numero","texto","1","1","1","0","1","0","1","1"
"Financeiro","Solicitação de Contrato","0","cmt36ivmm000hkw0a3j9ajn3z","Complemento","alpha.complemento","texto","1","1","1","0","0","0","0","1"
"Financeiro","Solicitação de Contrato","0","cmt36ivou0013kw0amdcwv5vs","Vendedor responsável","alpha.vendedor.a","texto","1","1","1","0","1","0","1","1"
"Financeiro","Solicitação de Contrato","0","cmt36ivmt000jkw0asbfw2rxn","Bairro","alpha.bairro","texto","1","1","1","0","1","0","1","1"
"Financeiro","Solicitação de Contrato","0","cmsnjn2qj0001dzhcyeyr4p8g","Canal de origem","alpha.canal.origem.do.cliente","selecao","1","1","1","0","0","0","1","1"
"Financeiro","Solicitação de Contrato","0","cmt36ivn0000lkw0ashspgbbg","CEP","alpha.cep","texto","1","1","1","0","1","0","1","1"
"Financeiro","Solicitação de Contrato","0","cmt36ivpd0017kw0avbm9j03v","Parceiro responsável","alpha.parceiro.responsavel","texto","1","1","1","0","0","0","0","1"
"Financeiro","Solicitação de Contrato","0","cmt36ivn8000nkw0ajeb19vrs","Município","alpha.municipio","texto","1","1","0","1","1","0","1","1"
"Financeiro","Solicitação de Contrato","0","cmt36ivne000pkw0a8jh7s434","Estado","alpha.estado","selecao","1","1","0","1","1","0","1","1"
"Financeiro","Solicitação de Contrato","0","cmt36ivnl000rkw0aqbhanm2i","E-mail","alpha.e.mail","texto","1","1","0","1","1","0","1","1"
"Financeiro","Solicitação de Contrato","0","c668b5971f9ee6260b3fb4bdc","Regime tributário","alpha.regime.tributario","selecao","1","1","0","1","0","0","1","1"
"Financeiro","Solicitação de Contrato","0","cmt36ivns000tkw0a01zcqo0l","Regime tributário do cliente","alpha.regime.tributario.cliente","selecao","1","1","1","0","1","0","0","1"
"Financeiro","Solicitação de Contrato","0","cmt36ivo7000xkw0aiumeej4e","Valor bruto do contrato","alpha.legacy.valor.bruto.contrato","numero","0","1","1","0","0","0","0","0"
"Financeiro","Solicitação de Contrato","0","cmt36ivoe000zkw0ay6otrlc8","Forma de pagamento","alpha.legacy.forma.pagamento.financeiro","selecao","0","1","1","0","0","0","0","0"
"Financeiro","Solicitação de Contrato","0","cmt36ivp50015kw0axn2uwmh4","Origem do cliente","alpha.legacy.origem.cliente.financeiro","selecao","0","1","1","0","0","0","0","0"
"Financeiro","Solicitação de Contrato","0","cmt36ivpl0019kw0a33qzjcaj","Contato/Nome do responsável","alpha.contato.nome.responsavel","texto","1","1","1","0","1","0","0","1"
"Financeiro","Solicitação de Contrato","0","cmt36ivps001bkw0ah4iztji5","Observações comerciais","alpha.observacoes.comerciais","texto_longo","1","1","1","0","0","0","0","1"
"Financeiro","Elaboração do Contrato","1","cmt36ivq0001dkw0ax7jkz33c","Contrato elaborado","alpha.contrato.elaborado","booleano","1","1","1","0","1","0","0","1"
"Financeiro","Elaboração do Contrato","1","cmt36ivq9001fkw0aw172i84z","Data de elaboração","alpha.data.de.elaboracao","data","1","1","1","0","0","0","0","1"
"Financeiro","Elaboração do Contrato","1","cmt36ivqg001hkw0aebtrscl4","Contrato enviado para assinatura","alpha.contrato.enviado.para.assinatura","booleano","1","1","1","0","1","0","0","1"
"Financeiro","Elaboração do Contrato","1","cmt36ivqq001jkw0a3xk98usr","Data do envio","alpha.data.do.envio","data","1","1","1","0","0","0","0","1"
"Financeiro","Elaboração do Contrato","1","cmt36ivqw001lkw0adgv97zab","Link/arquivo do contrato","alpha.link.arquivo.do.contrato","texto","1","1","1","0","0","0","0","1"
"Financeiro","Formalização","2","cf6c9fd04a5d0616405f9f1bf","Status da assinatura","alpha.status.da.assinatura","selecao","1","1","1","0","0","0","0","1"
"Financeiro","Formalização","2","cmsnjzmos0019dz5go1obih9f","Valor acordado no contrato","alpha.valor.acordado.no.contrato","numero","1","1","1","0","0","0","0","1"
"Financeiro","Formalização","2","cmt36ivs2001vkw0av17byh2x","IRRF aplicável","alpha.irrf.aplicavel","booleano","1","1","1","0","1","0","0","1"
"Financeiro","Formalização","2","c01892aa9a218885c96d348dc","Status do contrato","alpha.status.do.contrato","selecao","1","1","1","0","0","0","0","1"
"Financeiro","Formalização","2","cmt36ivrg001pkw0av43kmoex","Data da assinatura","alpha.data.da.assinatura","data","1","1","1","0","0","0","0","1"
"Financeiro","Formalização","2","c089cdbc63e0e9302463047bc","Valor do IRRF","alpha.valor.do.irrf","moeda","1","1","1","0","0","0","0","1"
"Financeiro","Formalização","2","cmt36ivsv0021kw0atotrjmn9","CSRF aplicável","alpha.csrf.aplicavel","booleano","1","1","1","0","1","0","0","1"
"Financeiro","Formalização","2","cmt36ivrm001rkw0a9gikza4y","Contrato assinado/anexo","alpha.contrato.assinado.anexo","texto","1","1","1","0","0","0","0","1"
"Financeiro","Formalização","2","c4513a95cd1a885a217000064","Valor do CSRF","alpha.valor.do.csrf","moeda","1","1","1","0","0","0","0","1"
"Financeiro","Formalização","2","cffc3baa1e5282a2f7b1a3f43","Valor líquido a pagar","alpha.valor.liquido.a.pagar","moeda","1","1","1","0","0","0","0","1"
"Financeiro","Formalização","2","cmsnjzmti001bdz5gmvf6kwdc","Forma de pagamento","alpha.forma.de.pagamento","selecao","1","1","1","0","0","0","0","1"
"Financeiro","Formalização","2","cmt36ivu1002bkw0apra9tobm","Vencimento","alpha.vencimento","data","1","1","1","0","1","0","0","1"
"Financeiro","Formalização","2","cmt36ivu8002dkw0a2a591wvj","Link/dados para pagamento","alpha.link.dados.para.pagamento","texto","1","1","1","0","1","0","0","1"
"Financeiro","Formalização","2","c3e2e9bf33111a00ec980e6cc","Status financeiro","alpha.status.financeiro","selecao","1","1","1","0","0","0","0","1"
"Financeiro","Formalização","2","cmt36ivr5001nkw0adpbklsea","Status do contrato/assinatura","alpha.financeiro.status.contrato.assinatura","selecao","1","1","1","0","1","0","0","1"
"Financeiro","Formalização","2","cmt36ivru001tkw0axemf2k1v","Regime tributário do prestador","alpha.regime.tributario.prestador","selecao","1","1","1","0","1","0","0","1"
"Financeiro","Formalização","2","cmt36ivsg001xkw0ar1oissgg","Alíquota IRRF","alpha.aliquota.irrf","numero","1","1","1","0","0","0","0","1"
"Financeiro","Formalização","2","cmt36ivso001zkw0an0mjwalo","Valor IRRF","alpha.financeiro.valor.irrf","numero","1","1","1","0","0","0","0","1"
"Financeiro","Formalização","2","cmt36ivt30023kw0atucqewar","Alíquota CSRF","alpha.aliquota.csrf","numero","1","1","1","0","0","0","0","1"
"Financeiro","Formalização","2","cmt36ivtb0025kw0a7d0psl75","Valor CSRF","alpha.financeiro.valor.csrf","numero","1","1","1","0","0","0","0","1"
"Financeiro","Formalização","2","cmt36ivtn0027kw0afwaj6z2g","Total de retenções","alpha.total.retencoes","numero","1","1","1","0","0","0","0","1"
"Financeiro","Formalização","2","cmt36ivtu0029kw0a76u59syc","Valor líquido para pagamento","alpha.financeiro.valor.liquido.pagamento","numero","1","1","1","0","0","0","0","1"
"Financeiro","Formalização","2","cmt36ivuf002fkw0a165blz20","Memória de cálculo","alpha.memoria.calculo","texto_longo","1","1","1","0","0","0","0","1"
"Financeiro","Pagamento","3","cmt36ivum002hkw0amt6fruws","Pagamento confirmado","alpha.pagamento.confirmado","booleano","1","1","1","0","1","0","0","1"
"Financeiro","Pagamento","3","cmt36ivv1002lkw0aezaehykr","Data do pagamento","alpha.data.do.pagamento","data","1","1","1","0","0","0","0","1"
"Financeiro","Pagamento","3","cmt36ivuv002jkw0apk0bux8i","Valor esperado","alpha.valor.esperado","numero","1","1","1","0","0","0","0","1"
"Financeiro","Pagamento","3","cmt36ivv8002nkw0a0qpu7bq3","Valor recebido","alpha.valor.recebido","numero","1","1","1","0","0","0","0","1"
"Financeiro","Pagamento","3","cmsnjzmti001bdz5gmvf6kwdc","Forma de pagamento","alpha.forma.de.pagamento","selecao","1","1","1","0","0","0","0","1"
"Financeiro","Pagamento","3","c3a8c50ff52f0d2119cf1f08a","Comprovante","alpha.comprovante","arquivo","1","1","1","0","0","0","0","1"
"Financeiro","Pagamento","3","c0edc5fd9af213b2352400fbc","Pagamento no êxito","alpha.pagamento.no.exito","booleano","1","1","1","0","0","0","0","1"
"Financeiro","Pagamento","3","cmt36ivve002pkw0a82cim2ge","Forma de pagamento utilizada","alpha.legacy.forma.pagamento.utilizada","selecao","0","1","1","0","0","0","0","0"
"Financeiro","Pagamento","3","cmt36ivvl002rkw0ap9tfue63","Comprovante de pagamento","alpha.comprovante.pagamento","texto","1","1","1","0","0","0","0","1"
"Financeiro","Nota Fiscal","4","cmt36ivvt002tkw0ado0aping","NF emitida","alpha.nf.emitida","booleano","1","1","1","0","1","0","0","1"
"Financeiro","Nota Fiscal","4","cmt36ivw0002vkw0apuup6f03","Número da NF","alpha.numero.da.nf","texto","1","1","1","0","0","0","0","1"
"Financeiro","Nota Fiscal","4","cmt36ivw8002xkw0aqxp17q4l","Data de emissão","alpha.data.de.emissao","data","1","1","1","0","0","0","0","1"
"Financeiro","Nota Fiscal","4","cmt36ivwh002zkw0ay74dgtwq","Valor da NF","alpha.valor.da.nf","numero","1","1","1","0","0","0","0","1"
"Financeiro","Nota Fiscal","4","cmt36ivwp0031kw0a7aybe14f","Arquivo/link da NF","alpha.arquivo.link.da.nf","texto","1","1","1","0","0","0","0","1"
"Financeiro","Concluídos","5","cmsnjzlho000rdz5gdv76apii","CNPJ","alpha.cnpj","texto","1","1","0","1","0","0","0","1"
"Financeiro","Concluídos","5","cmt36ivm3000bkw0areemyt3j","Razão Social","alpha.razao.social","texto","1","1","0","1","1","0","0","1"
"Financeiro","Concluídos","5","cfcc9dd39bd127bdc8a186e2f","Contato responsável/representante","alpha.contato.responsavel.representante","texto","1","1","0","1","0","0","0","1"
"Financeiro","Concluídos","5","cmt36ivnl000rkw0aqbhanm2i","E-mail","alpha.e.mail","texto","1","1","0","1","1","0","0","1"
"Financeiro","Concluídos","5","cmt36ivo0000vkw0a1sfg8uln","Serviço contratado","alpha.servico.contratado","texto","1","1","1","0","1","0","0","1"
"Financeiro","Concluídos","5","cmt36ivrm001rkw0a9gikza4y","Contrato assinado/anexo","alpha.contrato.assinado.anexo","texto","1","1","1","0","0","0","0","1"
"Financeiro","Concluídos","5","cmsnjzmos0019dz5go1obih9f","Valor acordado no contrato","alpha.valor.acordado.no.contrato","numero","1","1","1","0","0","0","0","1"
"Financeiro","Concluídos","5","cmsnjzmti001bdz5gmvf6kwdc","Forma de pagamento","alpha.forma.de.pagamento","selecao","1","1","1","0","0","0","0","1"
"Financeiro","Concluídos","5","cmt36ivum002hkw0amt6fruws","Pagamento confirmado","alpha.pagamento.confirmado","booleano","1","1","1","0","1","0","0","1"
"Financeiro","Concluídos","5","cmt36ivvt002tkw0ado0aping","NF emitida","alpha.nf.emitida","booleano","1","1","1","0","1","0","0","1"
"Financeiro","Concluídos","5","cmt36ivou0013kw0amdcwv5vs","Vendedor responsável","alpha.vendedor.a","texto","1","1","1","0","1","0","0","1"
"Financeiro","Concluídos","5","cmt36ivpd0017kw0avbm9j03v","Parceiro responsável","alpha.parceiro.responsavel","texto","1","1","1","0","0","0","0","1"
"Financeiro","Concluídos","5","cmsnjn2qj0001dzhcyeyr4p8g","Canal de origem","alpha.canal.origem.do.cliente","selecao","1","1","1","0","0","0","0","1"
"Operacional","Boas-vindas","0","cmsnjzneo001jdz5gtfhr574m","Embasamento do processo","alpha.embasamento.do.processo","selecao","1","1","1","0","0","0","0","1"
"Operacional","Boas-vindas","0","cmsnjzlma000tdz5gzammwfba","Radar pretendido","alpha.radar.pretendido","selecao","1","1","1","0","0","0","0","1"
"Operacional","Boas-vindas","0","ca4cadfe0c70c89d56c098a40","Radar atual","alpha.radar.atual","selecao","0","1","1","0","0","0","0","1"
"Operacional","Boas-vindas","0","cmsnjzlvt000xdz5ge8a11jm0","Mês para protocolar","alpha.mes.de.protocolo","data","1","1","1","0","0","0","0","1"
"Operacional","Boas-vindas","0","c668b5971f9ee6260b3fb4bdc","Regime tributário","alpha.regime.tributario","selecao","1","1","0","1","0","0","0","1"
"Operacional","Boas-vindas","0","c65f3c2c37171ddbf67fce9e7","Data de abertura da empresa","alpha.data.de.abertura.da.empresa","data","1","1","1","0","0","0","0","1"
"Operacional","Boas-vindas","0","c8eb811d7db5567df01d099d9","Situação do capital social","alpha.situacao.do.capital.social","texto_longo","1","1","1","0","0","0","0","1"
"Operacional","Boas-vindas","0","c47e038e0323da47f06fce007","Faturamento dos últimos 5 anos","alpha.legacy.faturamento.ultimos.5.anos","texto_longo","0","1","1","0","0","0","0","0"
"Operacional","Boas-vindas","0","cmsnjzm0i000zdz5gqbugkoom","Faturamento nos últimos 5 anos","alpha.faturamento.dos.ultimos.5.anos","selecao","1","1","1","0","0","0","0","1"
"Operacional","Boas-vindas","0","c04896f2c2567b2e71dcfc721","Status da sede","alpha.status.da.sede","selecao","0","1","1","0","0","0","0","1"
"Operacional","Boas-vindas","0","cmsnjzm5b0011dz5gynagpp5v","Armazenamento","alpha.armazenagem","selecao","1","1","1","0","0","0","0","1"
"Operacional","Boas-vindas","0","cmsnjzma80013dz5glzxelx0j","Faturas sob titularidade da empresa","alpha.contas.faturas","selecao","1","1","1","0","0","0","0","1"
"Operacional","Boas-vindas","0","c685b8a80e0968de5a3ca0d17","Produtos comercializados","alpha.produtos.comercializados","texto_longo","1","1","1","0","0","0","0","1"
"Operacional","Boas-vindas","0","cmsnjzmfd0015dz5gxsp3mz8x","Atuação da empresa","alpha.atuacao.da.empresa","selecao","1","1","1","0","0","0","0","1"
"Operacional","Boas-vindas","0","cmsnjzmk20017dz5g4b3ndhld","Tributos pagos no último semestre","alpha.tributos.pagos.nos.ultimos.6.meses","selecao","1","1","1","0","0","0","0","1"
"Operacional","Boas-vindas","0","c0ffb691f304c5e93075874c4","Fonte","alpha.fonte","texto","1","1","1","0","0","0","0","1"
"Operacional","Boas-vindas","0","cmt36ivne000pkw0a8jh7s434","Estado","alpha.estado","selecao","1","1","0","1","1","0","0","1"
"Operacional","Boas-vindas","0","cmt36ivou0013kw0amdcwv5vs","Vendedor responsável","alpha.vendedor.a","texto","1","1","1","0","1","0","0","1"
"Operacional","Boas-vindas","0","cfcc9dd39bd127bdc8a186e2f","Contato responsável/representante","alpha.contato.responsavel.representante","texto","1","1","0","1","0","0","0","1"
"Operacional","Boas-vindas","0","cmsnjzlho000rdz5gdv76apii","CNPJ","alpha.cnpj","texto","1","1","0","1","0","0","0","1"
"Operacional","Boas-vindas","0","cmt36ivm3000bkw0areemyt3j","Razão Social","alpha.razao.social","texto","1","1","0","1","1","0","0","1"
"Operacional","Boas-vindas","0","cmsszkozmzvurauz0aid00000","Responsável pelo processo","alpha.responsavel.pelo.processo","texto","1","1","1","0","1","0","0","1"
"Operacional","Boas-vindas","0","cd7339aaef84cd9969a4f5ea9","CPF do responsável pelo processo","alpha.cpf.do.responsavel.pelo.processo","cpf","1","1","1","0","0","0","0","1"
"Operacional","Alinhamento Estratégico agendado","1","cmsszkozmzvurauz0aid00000","Responsável pelo processo","alpha.responsavel.pelo.processo","texto","1","1","1","0","1","0","0","1"
"Operacional","Alinhamento Estratégico agendado","1","cmsszkp8yu38mf5j5gyh00000","CPF do responsável","alpha.cpf.responsavel","cpf","1","1","1","0","1","0","0","1"
"Operacional","Alinhamento Estratégico agendado","1","cmsszkpiphgllwsdeaof00000","Resumo da reunião","alpha.resumo.da.reuniao","texto_longo","1","1","1","0","1","0","1","1"
"Operacional","Em análise","3","cmsnjzneo001jdz5gtfhr574m","Embasamento do processo","alpha.embasamento.do.processo","selecao","1","1","1","0","0","0","0","1"
"Operacional","Em análise","3","cmsnjzlma000tdz5gzammwfba","Radar pretendido","alpha.radar.pretendido","selecao","1","1","1","0","0","0","0","1"
"Operacional","Em análise","3","ca4cadfe0c70c89d56c098a40","Radar atual","alpha.radar.atual","selecao","0","1","1","0","0","0","0","1"
"Operacional","Em análise","3","cmsnjzlvt000xdz5ge8a11jm0","Mês para protocolar","alpha.mes.de.protocolo","data","1","1","1","0","0","0","0","1"
"Operacional","Em análise","3","c668b5971f9ee6260b3fb4bdc","Regime tributário","alpha.regime.tributario","selecao","1","1","0","1","0","0","0","1"
"Operacional","Em análise","3","c65f3c2c37171ddbf67fce9e7","Data de abertura da empresa","alpha.data.de.abertura.da.empresa","data","1","1","1","0","0","0","0","1"
"Operacional","Em análise","3","c8eb811d7db5567df01d099d9","Situação do capital social","alpha.situacao.do.capital.social","texto_longo","1","1","1","0","0","0","0","1"
"Operacional","Em análise","3","c47e038e0323da47f06fce007","Faturamento dos últimos 5 anos","alpha.legacy.faturamento.ultimos.5.anos","texto_longo","0","1","1","0","0","0","0","0"
"Operacional","Em análise","3","cmsnjzm0i000zdz5gqbugkoom","Faturamento nos últimos 5 anos","alpha.faturamento.dos.ultimos.5.anos","selecao","1","1","1","0","0","0","0","1"
"Operacional","Em análise","3","c04896f2c2567b2e71dcfc721","Status da sede","alpha.status.da.sede","selecao","0","1","1","0","0","0","0","1"
"Operacional","Em análise","3","cmsnjzm5b0011dz5gynagpp5v","Armazenamento","alpha.armazenagem","selecao","1","1","1","0","0","0","0","1"
"Operacional","Em análise","3","cmsnjzma80013dz5glzxelx0j","Faturas sob titularidade da empresa","alpha.contas.faturas","selecao","1","1","1","0","0","0","0","1"
"Operacional","Em análise","3","c685b8a80e0968de5a3ca0d17","Produtos comercializados","alpha.produtos.comercializados","texto_longo","1","1","1","0","0","0","0","1"
"Operacional","Em análise","3","cmsnjzmfd0015dz5gxsp3mz8x","Atuação da empresa","alpha.atuacao.da.empresa","selecao","1","1","1","0","0","0","0","1"
"Operacional","Em análise","3","cmsnjzmk20017dz5g4b3ndhld","Tributos pagos no último semestre","alpha.tributos.pagos.nos.ultimos.6.meses","selecao","1","1","1","0","0","0","0","1"
"Operacional","Em análise","3","c0ffb691f304c5e93075874c4","Fonte","alpha.fonte","texto","1","1","1","0","0","0","0","1"
"Operacional","Em análise","3","cmt36ivne000pkw0a8jh7s434","Estado","alpha.estado","selecao","1","1","0","1","1","0","0","1"
"Operacional","Em análise","3","cmt36ivou0013kw0amdcwv5vs","Vendedor responsável","alpha.vendedor.a","texto","1","1","1","0","1","0","0","1"
"Operacional","Em análise","3","cfcc9dd39bd127bdc8a186e2f","Contato responsável/representante","alpha.contato.responsavel.representante","texto","1","1","0","1","0","0","0","1"
"Operacional","Revisão","4","cf8803863f2ffefd9724640f4","Resultado da revisão","alpha.resultado.da.revisao","texto_longo","1","1","1","0","0","0","0","1"
"Operacional","Revisão","4","c2fabf005dc279f8c831c8f76","Responsável pela revisão","alpha.responsavel.pela.revisao","usuario","1","1","1","0","0","0","0","1"
"Operacional","Protocolo","5","cf8803863f2ffefd9724640f4","Resultado da revisão","alpha.resultado.da.revisao","texto_longo","1","1","1","0","0","0","0","1"
"Operacional","Protocolo","5","c43f9fa629a8955059016b076","Data do protocolo","alpha.data.do.protocolo","data","1","1","1","0","0","0","0","1"
"Operacional","Protocolo","5","c9c192ab269838d38b0c68590","Certificado digital utilizado","alpha.certificado.digital.utilizado","texto","1","1","1","0","0","0","0","1"
"Operacional","Revisão do protocolo","6","c43f9fa629a8955059016b076","Data do protocolo","alpha.data.do.protocolo","data","1","1","1","0","0","0","0","1"
"Operacional","Revisão do protocolo","6","ccb2c004d2f37393158c4ea06","Número do protocolo","alpha.numero.do.protocolo","texto","1","1","1","0","0","0","0","1"
"Operacional","Revisão do protocolo","6","cb7047d7dd61ae927c0ad68da","Informações de conferência","alpha.informacoes.de.conferencia","texto_longo","1","1","1","0","0","0","0","1"
"Operacional","Revisão do protocolo","6","cfd7416e7ed1a95c17d192a4d","Documentos/códigos utilizados","alpha.documentos.codigos.utilizados","texto_longo","1","1","1","0","0","0","0","1"
"Operacional","Aguardando Despacho","7","cmsnjzlho000rdz5gdv76apii","CNPJ","alpha.cnpj","texto","1","1","0","1","0","0","0","1"
"Operacional","Aguardando Despacho","7","c43f9fa629a8955059016b076","Data do protocolo","alpha.data.do.protocolo","data","1","1","1","0","0","0","0","1"
"Operacional","Aguardando Despacho","7","ccb2c004d2f37393158c4ea06","Número do protocolo","alpha.numero.do.protocolo","texto","1","1","1","0","0","0","0","1"
"Operacional","Aguardando Despacho","7","c5d3e90e4863fbd60c4b5dbd8","Prazo de análise/devolutiva do fiscal","alpha.prazo.de.analise.devolutiva.do.fiscal","data","1","1","1","0","0","0","0","1"
"Operacional","Aguardando Despacho","7","c0e52642975bf22486c394ab6","Andamento/status atual","alpha.andamento.status.atual","selecao","1","1","1","0","0","0","0","1"
"Operacional","Petição","8","c9d999f7a66617c5d2fd1fa13","Petição/anexo","alpha.peticao.anexo","arquivo","1","1","1","0","0","0","1","1"
"Operacional","Petição","8","c7e4fabdad4b2bb5da0b5799b","Data relacionada à petição","alpha.data.relacionada.a.peticao","data","1","1","1","0","0","0","0","1"
"Operacional","Petição","8","c7083dcd3319e59eea787df31","Prazo","alpha.prazo","data","1","1","1","0","0","0","0","1"
"Operacional","Exigência Fiscal","9","ccbab7d1e670244d149738ee6","Prazo do fiscal","alpha.prazo.do.fiscal","data","1","1","1","0","0","0","0","1"
"Operacional","Exigência Fiscal","9","cbfc9a26e46d5ef29d9edcc03","Data da exigência","alpha.data.da.exigencia","data","1","1","1","0","0","0","0","1"
"Operacional","Exigência Fiscal","9","c97f98166f6bc48953e6c0f32","Motivo do indeferimento/exigência","alpha.motivo.do.indeferimento.exigencia","selecao","1","1","1","0","0","0","0","1"
"Operacional","Exigência Fiscal","9","c98078ba3631e4bee277d3066","Classificação do motivo","alpha.classificacao.do.motivo","selecao","1","1","1","0","0","0","0","1"
"Operacional","Exigência Fiscal","9","c9a9112df15cf880aa2af00d9","Descrição","alpha.descricao","texto_longo","1","1","1","0","0","0","0","1"
"Operacional","Resposta ao Fiscal","10","cc75db182823a5ab9e1029800","Data da resposta","alpha.data.da.resposta","data","1","1","1","0","0","0","0","1"
"Operacional","Resposta ao Fiscal","10","c186ed4e8135cfc8fa2d14ab3","Solução adotada","alpha.solucao.adotada","selecao","1","1","1","0","0","0","0","1"
"Operacional","Resposta ao Fiscal","10","ca7ea96b0a46b56528e024ba7","Descrição da solução","alpha.descricao.da.solucao","texto_longo","1","1","1","0","0","0","0","1"
"Operacional","Resposta ao Fiscal","10","c9d999f7a66617c5d2fd1fa13","Petição/anexo","alpha.peticao.anexo","arquivo","1","1","1","0","0","0","1","1"
"Operacional","Resposta ao Fiscal","10","c7083dcd3319e59eea787df31","Prazo","alpha.prazo","data","1","1","1","0","0","0","0","1"
"Operacional","Deferido","11","cb1e1c318f0754f500e60b53a","Data do deferimento","alpha.data.do.deferimento","data","1","1","1","0","0","0","0","1"
"Operacional","Deferido","11","c7847f9a56e8d4690634b9027","Tentativa do deferimento","alpha.tentativa.do.deferimento","selecao","1","1","1","0","0","0","0","1"
"Operacional","Deferido","11","c186ed4e8135cfc8fa2d14ab3","Solução adotada","alpha.solucao.adotada","selecao","1","1","1","0","0","0","0","1"
"Operacional","Deferido","11","ccf00a51cce0f3da21a342302","Validação da solução adotada","alpha.validacao.da.solucao.adotada","booleano","1","1","1","0","0","0","0","1"
"Operacional","Deferido","11","cbae99e0d0b65831785616df4","Duração do processo","alpha.duracao.do.processo","numero","1","1","1","0","0","0","0","1"
"Operacional","Deferido","11","cbb47cfb0b7402d6e44e3fbc3","Oportunidades de novos serviços","alpha.oportunidades.de.novos.servicos","texto_longo","1","1","1","0","0","0","0","1"
"Revisão de Radar","Novos leads","0","cmsnjzlcw000pdz5gnd3zpy83","Nome do responsável","alpha.nome.do.responsavel","texto","1","1","1","0","0","0","0","1"
"Revisão de Radar","Novos leads","0","cmsnjzlho000rdz5gdv76apii","CNPJ","alpha.cnpj","texto","1","1","0","1","0","0","0","1"
"Revisão de Radar","Novos leads","0","cmsnjzlma000tdz5gzammwfba","Radar pretendido","alpha.radar.pretendido","selecao","1","1","1","0","0","0","0","1"
"Revisão de Radar","Novos leads","0","cmsnjzlqz000vdz5gkyt8m66p","Confirmar serviço","alpha.confirmar.servico","texto","1","1","1","0","0","0","0","1"
"Revisão de Radar","Novos leads","0","c288efade78dfe464f9af0a94","Qualificação","alpha.qualificacao","selecao","1","1","1","0","0","0","0","1"
"Revisão de Radar","Novos leads","0","cmsnjn2qj0001dzhcyeyr4p8g","Canal de origem","alpha.canal.origem.do.cliente","selecao","1","1","1","0","0","0","0","1"
"Revisão de Radar","Novos leads","0","cmsnjzlvt000xdz5ge8a11jm0","Mês para protocolar","alpha.mes.de.protocolo","data","1","0","1","0","0","0","0","0"
"Revisão de Radar","Novos leads","0","cmsnjzm0i000zdz5gqbugkoom","Faturamento nos últimos 5 anos","alpha.faturamento.dos.ultimos.5.anos","selecao","1","0","1","0","0","0","0","0"
"Revisão de Radar","Novos leads","0","cmubjvdx000000bgmulrjn0rf","test","custom.comercial.test.793ab0a206","numero","0","1","1","0","0","0","0","0"
"Revisão de Radar","Novos leads","0","cmsnjzm5b0011dz5gynagpp5v","Armazenamento","alpha.armazenagem","selecao","1","0","1","0","0","0","0","0"
"Revisão de Radar","Novos leads","0","cmubjxh0200010agmtdtyn3vm","texto curto","custom.comercial.texto.curto.37f0825a14","texto","0","1","1","0","0","0","0","0"
"Revisão de Radar","Novos leads","0","cmsnjzma80013dz5glzxelx0j","Faturas sob titularidade da empresa","alpha.contas.faturas","selecao","1","0","1","0","0","0","0","0"
"Revisão de Radar","Novos leads","0","cmubk0h8k00000agmmvm783jv","teste acompanhamento","custom.comercial.teste.acompanhamento.ace6360282","texto","0","1","1","0","0","0","0","0"
"Revisão de Radar","Novos leads","0","cmsnjzmfd0015dz5gxsp3mz8x","Atuação da empresa","alpha.atuacao.da.empresa","selecao","1","0","1","0","0","0","0","0"
"Revisão de Radar","Novos leads","0","cmsnjzmk20017dz5g4b3ndhld","Tributos pagos no último semestre","alpha.tributos.pagos.nos.ultimos.6.meses","selecao","1","0","1","0","0","0","0","0"
"Revisão de Radar","Novos leads","0","cmubk4ief00000agm9keg7skk","teste acompanhamento 3","custom.comercial.teste.acompanhamento.3.d5ea1f0ea3","texto","0","1","1","0","0","0","0","0"
"Revisão de Radar","Novos leads","0","cmsnjzmos0019dz5go1obih9f","Valor acordado no contrato","alpha.valor.acordado.no.contrato","numero","1","0","1","0","0","0","0","0"
"Revisão de Radar","Novos leads","0","cmubke4c400010agmd05ftbsx","teste dados 1","custom.comercial.teste.dados.1.eb938a9385","texto","0","1","1","0","0","0","0","0"
"Revisão de Radar","Novos leads","0","cmsnjzmti001bdz5gmvf6kwdc","Forma de pagamento","alpha.forma.de.pagamento","selecao","1","0","1","0","0","0","0","0"
"Revisão de Radar","Novos leads","0","cmubkff1r00000agmfb6ks6gi","teste5","custom.comercial.teste5.5f2c798c5b","texto","0","1","1","0","0","0","0","0"
"Revisão de Radar","Novos leads","0","cmsnjzmy8001ddz5gwpocdb7j","Exportador","alpha.exportador","selecao","1","0","1","0","0","0","0","0"
"Revisão de Radar","Novos leads","0","cmubku8vt000509gmq99xkxv6","teste campo número","custom.comercial.teste.campo.numero.0824da0b27","numero","0","1","1","0","0","0","0","0"
"Revisão de Radar","Novos leads","0","cmsnjzn30001fdz5g5gganw9l","Nível de complexidade para a revisão","alpha.nivel.complexidade.revisao","selecao","1","0","1","0","0","0","0","0"
"Revisão de Radar","Novos leads","0","cmubkvil700000agmhv4w8unn","teste campo moeda","custom.comercial.teste.campo.moeda.d82d09ca97","moeda","0","1","1","0","0","0","0","0"
"Revisão de Radar","Novos leads","0","cmsnjzn8v001hdz5g362n7apr","Histórico de tentativas anteriores de revisão","alpha.historico.tentativas.revisao","booleano","1","0","1","0","0","0","0","0"
"Revisão de Radar","Novos leads","0","cmubkwbxg000b0agmcvww1kfv","teste campo data","custom.comercial.teste.campo.data.bf2064c02e","data","0","1","1","0","0","0","0","0"
"Revisão de Radar","Novos leads","0","cmsnjzneo001jdz5gtfhr574m","Embasamento do processo","alpha.embasamento.do.processo","selecao","1","0","1","0","0","0","0","0"
"Revisão de Radar","Novos leads","0","cmubkwqcm000k0agmdldps9g4","teste campo data e hora","custom.comercial.teste.campo.data.e.hora.372c822019","data_hora","0","1","1","0","0","0","0","0"
"Revisão de Radar","Novos leads","0","cmsnjznjj001ldz5gd9p9sqrr","Motivo de Lost","alpha.motivo.de.lost","selecao","1","0","1","0","0","0","0","0"
"Revisão de Radar","Novos leads","0","cmubkxlh800000agmlvawrjmd","teste campo sim ou não","custom.comercial.teste.campo.sim.ou.nao.59411806c4","booleano","0","1","1","0","0","0","0","0"
"Revisão de Radar","Novos leads","0","cmsnjzno9001ndz5go7wstl62","Motivo de Lost - Outro","alpha.motivo.lost.outro","texto","1","0","1","0","0","0","0","0"
"Revisão de Radar","Novos leads","0","cmubkz0j400000bgmbylv8yl9","teste campo seleção múltipla","custom.comercial.teste.campo.selecao.multipla.fb8577148a","multiselecao","0","1","1","0","0","0","0","0"
"Revisão de Radar","Novos leads","0","cmubkzrz800000agmfelymm0c","teste campo relacionamento","custom.comercial.teste.campo.relacionamento.1a4e0ea3c5","relacionamento","0","1","1","0","0","0","0","0"
"Revisão de Radar","Novos leads","0","cmublsayq000004juojeftwyd","Teste campo de seleção individual","custom.comercial.teste.campo.de.selecao.individual.9aa3225b1f","selecao","0","1","1","0","0","0","0","0"
"Revisão de Radar","Novos leads","0","cmubm0b9b00050agmu1pst4xb","cnpj2","custom.comercial.cnpj2.1f19fdb58e","cnpj","0","1","1","0","0","0","0","0"
"Revisão de Radar","Novos leads","0","cmubmd4lk00010agmmzzssrwr","teste campo cpf","custom.comercial.teste.campo.cpf.9169e86f31","cpf","0","1","1","0","0","0","0","0"
"Revisão de Radar","Novos leads","0","cmucmtpty00000agmjb0l6msw","teste texto curto","custom.comercial.teste.texto.curto.6760ce3879","texto","0","1","1","0","0","0","0","0"
"Revisão de Radar","Novos leads","0","cmucmu5tj00000agmdvllnelv","teste texto longo","custom.comercial.teste.texto.longo.c5a7e9ca4d","texto_longo","0","1","1","0","0","0","0","0"
"Revisão de Radar","Novos leads","0","cmucomsqy00000agm0k4l089c","teste campo email","custom.comercial.teste.campo.email.0b5e4a21e1","email","0","1","1","0","0","0","0","0"
"Revisão de Radar","Novos leads","0","cmuconeff00000agmpew30nfd","teste campo arquivo","custom.comercial.teste.campo.arquivo.88e7c4f378","arquivo","0","1","1","0","0","0","0","0"
"Revisão de Radar","Novos leads","0","cmucp0pd200060agmr28zijuu","teste campo percentual","custom.comercial.teste.campo.percentual.737df9885e","percentual","0","1","1","0","0","0","0","0"
"Revisão de Radar","Novos leads","0","cmucp1h5u000f0agmolypfn97","teste campo link/URL","custom.comercial.teste.campo.link.url.873f245005","url","0","1","1","0","0","0","0","0"
"Revisão de Radar","Novos leads","0","cmubk3i6c00040agmatdh6cnz","acompanhamento 2","custom.comercial.acompanhamento.2.f117dcd5b6","cpf","0","1","1","0","0","0","0","0"
"Revisão de Radar","Novos leads","0","cmucp9yyt00010agmpk7dlfke","teste campo usuário","custom.comercial.teste.campo.usuario.69e441851a","usuario","0","1","1","0","0","0","0","0"
"Revisão de Radar","Novos leads","0","cmufi59rn00010bgmsef3h97b","CNPJ","","cnpj","0","1","1","0","0","0","0","0"
"Revisão de Radar","Agendar reunião","1","cfcc9dd39bd127bdc8a186e2f","Contato responsável/representante","alpha.contato.responsavel.representante","texto","1","1","1","0","0","0","0","1"
"Revisão de Radar","Agendar reunião","1","cmubjpr9500000agm8qp4p75o","teste campo 4","custom.comercial.teste.campo.4.1c6eb01b4f","cpf","0","1","1","0","0","0","0","0"
"Revisão de Radar","Agendar reunião","1","cmt36ivou0013kw0amdcwv5vs","Vendedor responsável","alpha.vendedor.a","texto","1","1","1","0","0","0","0","1"
"Revisão de Radar","Reunião Agendada","2","cmsnjzneo001jdz5gtfhr574m","Embasamento do processo","alpha.embasamento.do.processo","selecao","1","1","1","0","0","0","0","1"
"Revisão de Radar","Reunião Agendada","2","cmsnjzlma000tdz5gzammwfba","Radar pretendido","alpha.radar.pretendido","selecao","1","1","1","0","0","0","0","1"
"Revisão de Radar","Reunião Agendada","2","ca4cadfe0c70c89d56c098a40","Radar atual","alpha.radar.atual","selecao","0","1","1","0","0","0","0","1"
"Revisão de Radar","Reunião Agendada","2","cmsnjzlvt000xdz5ge8a11jm0","Mês para protocolar","alpha.mes.de.protocolo","data","1","1","1","0","0","0","0","1"
"Revisão de Radar","Reunião Agendada","2","c668b5971f9ee6260b3fb4bdc","Regime tributário","alpha.regime.tributario","selecao","1","1","0","1","0","0","0","1"
"Revisão de Radar","Reunião Agendada","2","c65f3c2c37171ddbf67fce9e7","Data de abertura da empresa","alpha.data.de.abertura.da.empresa","data","1","1","1","0","0","0","0","1"
"Revisão de Radar","Reunião Agendada","2","c8eb811d7db5567df01d099d9","Situação do capital social","alpha.situacao.do.capital.social","texto_longo","1","1","1","0","0","0","0","1"
"Revisão de Radar","Reunião Agendada","2","c47e038e0323da47f06fce007","Faturamento dos últimos 5 anos","alpha.legacy.faturamento.ultimos.5.anos","texto_longo","0","1","1","0","0","0","0","0"
"Revisão de Radar","Reunião Agendada","2","cmsnjzm0i000zdz5gqbugkoom","Faturamento nos últimos 5 anos","alpha.faturamento.dos.ultimos.5.anos","selecao","1","1","1","0","0","0","0","1"
"Revisão de Radar","Reunião Agendada","2","c04896f2c2567b2e71dcfc721","Status da sede","alpha.status.da.sede","selecao","0","1","1","0","0","0","0","1"
"Revisão de Radar","Reunião Agendada","2","cmsnjzm5b0011dz5gynagpp5v","Armazenamento","alpha.armazenagem","selecao","1","1","1","0","0","0","0","1"
"Revisão de Radar","Reunião Agendada","2","cmsnjzma80013dz5glzxelx0j","Faturas sob titularidade da empresa","alpha.contas.faturas","selecao","1","1","1","0","0","0","0","1"
"Revisão de Radar","Reunião Agendada","2","c685b8a80e0968de5a3ca0d17","Produtos comercializados","alpha.produtos.comercializados","texto_longo","1","1","1","0","0","0","0","1"
"Revisão de Radar","Reunião Agendada","2","cmsnjzmfd0015dz5gxsp3mz8x","Atuação da empresa","alpha.atuacao.da.empresa","selecao","1","1","1","0","0","0","0","1"
"Revisão de Radar","Reunião Agendada","2","cmsnjzmk20017dz5g4b3ndhld","Tributos pagos no último semestre","alpha.tributos.pagos.nos.ultimos.6.meses","selecao","1","1","1","0","0","0","0","1"
"Revisão de Radar","Reunião Agendada","2","c0ffb691f304c5e93075874c4","Fonte","alpha.fonte","texto","1","1","1","0","0","0","0","1"
"Revisão de Radar","Reunião Agendada","2","cmt36ivne000pkw0a8jh7s434","Estado","alpha.estado","selecao","1","1","0","1","0","0","0","1"
"Revisão de Radar","Reunião Agendada","2","cmt36ivou0013kw0amdcwv5vs","Vendedor responsável","alpha.vendedor.a","texto","1","1","1","0","1","0","0","1"
"Revisão de Radar","Reunião Agendada","2","cfcc9dd39bd127bdc8a186e2f","Contato responsável/representante","alpha.contato.responsavel.representante","texto","1","1","0","1","0","0","0","1"
"Revisão de Radar","Em tratativa","3","cmsnjzmos0019dz5go1obih9f","Valor acordado no contrato","alpha.valor.acordado.no.contrato","numero","1","1","1","0","1","0","0","1"
"Revisão de Radar","Em tratativa","3","cmsnjzmti001bdz5gmvf6kwdc","Forma de pagamento","alpha.forma.de.pagamento","selecao","1","1","1","0","1","0","0","1"
"Revisão de Radar","Fechado","4","cmsnjzmos0019dz5go1obih9f","Valor acordado no contrato","alpha.valor.acordado.no.contrato","numero","1","1","1","0","1","0","0","1"
"Revisão de Radar","Fechado","4","cmsnjzmti001bdz5gmvf6kwdc","Forma de pagamento","alpha.forma.de.pagamento","selecao","1","1","1","0","1","0","0","1"
"Revisão de Radar","Lost","5","cmsnjznjj001ldz5gd9p9sqrr","Motivo de Lost","alpha.motivo.de.lost","selecao","1","1","1","0","1","0","1","1"
